1	KAM3748	CGTGGACGGC
2	KAM3748	GCCGTCCACG
3	KAM3749	TTGCTACACC
4	KAM3749	GGTGTAGCAA
5	KAM3750	ATTCACGGCT
6	KAM3750	AGCCGTGAAT
7	KAM3751	TGATCTAGAC
8	KAM3751	GTCTAGATCA
9	KAM3752	CATAACTTAC
10	KAM3752	GTAAGTTATG
11	KAM3800	AATATACCTA
12	KAM3800	TAGGTATATT
13	KAM3801	TTCGTATCGT
14	KAM3801	ACGATACGAA
15	KAM3802	CATGCTAGCC
16	KAM3802	GGCTAGCATG
17	KAM4041	ACGCCGGATA
18	KAM4041	TGCGGCCTAT
19	KAM4042	ACCTACCGTA
20	KAM4042	TGGATGGCAT
21	KAM4043	TAATCTCGCA
22	KAM4043	TGCGAGATTA
23	KAM4044	CGTCGAGAAC
24	KAM4044	GTTCTCGACG
25	KAM3732	TCGATCCATA
26	KAM3732	TATGGATCGA
27	KAM3733	CGGACTGTGT
28	KAM3733	ACACAGTCCG
29	KAM3734	TGCTTAGTCG
30	KAM3734	CGACTAAGCA
31	KAM3735	AGCTCTCGCG
32	KAM3735	CGCGAGAGCT
33	KAM3736	TGCCAGACGA
34	KAM3736	TCGTCTGGCA
35	KAM3737	CAATGAAGCT
36	KAM3737	AGCTTCATTG
37	KAM3738	AGTCCAGAGA
38	KAM3738	TCTCTGGACT
39	KAM3739	ACCAGGCTTA
40	KAM3739	TAAGCCTGGT
41	KAM3740	CGTAGCAAGC
42	KAM3740	GCTTGCTACG
43	KAM3741	TACAGACGAA
44	KAM3741	TTCGTCTGTA
45	KAM3742	ACTAGTTGGA
46	KAM3742	TCCAACTAGT
47	KAM3743	CATACTAACA
48	KAM3743	TGTTAGTATG
49	KAM4358	CATGTCTTCA
50	KAM4358	TGAAGACATG
51	KAM4359	CTATCAGCTA
52	KAM4359	TAGCTGATAG
53	KAM4360	AGCTATGTAT
54	KAM4360	ATACATAGCT
55	KAM4361	TTGGACTAAG
56	KAM4361	CTTAGTCCAA
57	KAM4423	TGCGGACAGA
58	KAM4423	TCTGTCCGCA
59	KAM4424	CGATACTGCT
60	KAM4424	AGCAGTATCG
61	KAM4425	CATGTTGTGT
62	KAM4425	ACACAACATG
63	KAM4426	CTTACAAGAT
64	KAM4426	ATCTTGTAAG
65	KAM4427	CGTGTCTCGA
66	KAM4427	TCGAGACACG
67	KAM4428	TGGAATTACG
68	KAM4428	CGTAATTCCA
69	KAM4429	ATATATCTCC
70	KAM4429	GGAGATATAT
71	KAM4430	CGAATGACAG
72	KAM4430	CTGTCATTCG
73	KAM4431	AAGGAGGCTG
74	KAM4431	CAGCCTCCTT
75	KAM4432	TCCTGCGTAG
76	KAM4432	CTACGCAGGA
77	KAM4433	CTTAACGAAG
78	KAM4433	CTTCGTTAAG
79	KAM4434	ACCGAGGCAC
80	KAM4434	GTGCCTCGGT
81	KAM4354	CTTCACTGGA
82	KAM4354	TCCAGTGAAG
83	KAM4355	ATCCTGTTGA
84	KAM4355	TCAACAGGAT
85	KAM4356	CCTAGGTGTG
86	KAM4356	CACACCTAGG
87	KAM4357	AGAGGTAGAC
88	KAM4357	GTCTACCTCT
89	KAM4411	ATTAGACGCG
90	KAM4411	CGCGTCTAAT
91	KAM4412	AGAATCGTTC
92	KAM4412	GAACGATTCT
93	KAM4413	CTAAGAATAC
94	KAM4413	GTATTCTTAG
95	KAM4414	CGTCATAGTC
96	KAM4414	GACTATGACG
97	KAM4415	CTCTTGGCGC
98	KAM4415	GCGCCAAGAG
99	KAM4416	TAACCGGCTA
100	KAM4416	TAGCCGGTTA
101	KAM4417	CCTCAGCAGC
102	KAM4417	GCTGCTGAGG
103	KAM4418	ATGCGCTAGG
104	KAM4418	CCTAGCGCAT
105	KAM4419	TCCAGCACTC
106	KAM4419	GAGTGCTGGA
107	KAM4420	TGCGTAATCC
108	KAM4420	GGATTACGCA
109	KAM4421	ACAATCCGTT
110	KAM4421	AACGGATTGT
111	KAM4422	CTTAGTGCGC
112	KAM4422	GCGCACTAAG
113	KAM4362	CCTCGCAATT
114	KAM4362	AATTGCGAGG
115	KAM4363	CCGGACTGGC
116	KAM4363	GCCAGTCCGG
117	NS00033	TTCTCGTAGT
118	NS00033	ACTACGAGAA
119	NS00034	ACATGGACCT
120	NS00034	AGGTCCATGT
121	NS00035	ACGTTCCTGG
122	NS00035	CCAGGAACGT
123	NS00036	CGACCAATAC
124	NS00036	GTATTGGTCG
125	NS00037	CTCTCCTTGC
126	NS00037	GCAAGGAGAG
127	NS00038	ATAATAATAA
128	NS00038	TTATTATTAT
129	NS00039	CTACTATACA
130	NS00039	TGTATAGTAG
131	NS00040	TTATCCATCA
132	NS00040	TGATGGATAA
133	NS00041	AATAGCGCGG
134	NS00041	CCGCGCTATT
135	NS00042	CGCGCCATGG
136	NS00042	CCATGGCGCG
137	KAM4364	AGATTGCGAG
138	KAM4364	CTCGCAATCT
139	KAM4365	TGAGTCTCAC
140	KAM4365	GTGAGACTCA
141	NS00043	CTTGGTTACA
142	NS00043	TGTAACCAAG
143	NS00044	TATGTCGATT
144	NS00044	AATCGACATA
145	NS00045	ACTGTAGGAT
146	NS00045	ATCCTACAGT
147	NS00046	AAGCGGTTGT
148	NS00046	ACAACCGCTT
149	NS00047	TTGAGACCTA
150	NS00047	TAGGTCTCAA
151	NS00048	TTCACAGCTG
152	NS00048	CAGCTGTGAA
153	NS00049	AGTGCTTCCA
154	NS00049	TGGAAGCACT
155	NS00050	CGCAACCTCT
156	NS00050	AGAGGTTGCG
157	NS00051	CTGGCGGATT
158	NS00051	AATCCGCCAG
159	NS00052	TTAAGTAGTG
160	NS00052	CACTACTTAA
161	NK060	CAGACGTCAG
162	NK060	CTGACGTCTG
163	NK061	CTGGCACTGG
164	NK061	CCAGTGCCAG
165	NK052	TCGCCGCTCG
166	NK052	CGAGCGGCGA
167	NK053	CCGGTGCAGT
168	NK053	ACTGCACCGG
169	NK054	ACCGGTGTCT
170	NK054	AGACACCGGT
171	NK055	CCGAACTCCG
172	NK055	CGGAGTTCGG
173	NK056	CGAGCGGCGA
174	NK056	TCGCCGCTCG
175	NK057	ACTGCACCGG
176	NK057	CCGGTGCAGT
177	NK058	AGACACCGGT
178	NK058	ACCGGTGTCT
179	NK059	CGGAGTTCGG
180	NK059	CCGAACTCCG
181	NK052	TCGCCGCTCG
182	NK052	CGAGCGGCGA
183	NK053	CCGGTGCAGT
184	NK053	ACTGCACCGG
185	NK054	ACCGGTGTCT
186	NK054	AGACACCGGT
187	NK055	CCGAACTCCG
188	NK055	CGGAGTTCGG
189	NK056	CGAGCGGCGA
190	NK056	TCGCCGCTCG
191	NK057	ACTGCACCGG
192	NK057	CCGGTGCAGT
193	NK058	AGACACCGGT
194	NK058	ACCGGTGTCT
195	NK059	CGGAGTTCGG
196	NK059	CCGAACTCCG
197	NK060	CAGACGTCAG
198	NK060	CTGACGTCTG
199	NK061	CTGGCACTGG
200	NK061	CCAGTGCCAG
201	NS0017	CACTTACTAG
202	NS0017	CTAGTAAGTG
203	NS0018	CTGTCATGGT
204	NS0018	ACCATGACAG
205	NS0019	AACTTAATAC
206	NS0019	GTATTAAGTT
207	NS0020	CCTGTAGTGC
208	NS0020	GCACTACAGG
209	NK084	CTGTGCCTAT
210	NK084	ATAGGCACAG
211	NK084	CTGTGCCTAT
212	NK084	ATAGGCACAG
213	NK085	TCGGTTACAG
214	NK085	CTGTAACCGA
215	NK085	TCGGTTACAG
216	NK085	CTGTAACCGA
217	NS0013	CTAGTAAGTG
218	NS0013	CACTTACTAG
219	NS0014	ACCATGACAG
220	NS0014	CTGTCATGGT
221	NS0015	GTATTAAGTT
222	NS0015	AACTTAATAC
223	NS0016	GCACTACAGG
224	NS0016	CCTGTAGTGC
225	NK080	TTCCGCCTAG
226	NK080	CTAGGCGGAA
227	NK081	CACCTCAGTT
228	NK081	AACTGAGGTG
229	NK077	CTAGGCGGAA
230	NK077	TTCCGCCTAG
231	NK078	AACTGAGGTG
232	NK078	CACCTCAGTT
233	NK079	ATAGGCACAG
234	NK079	CTGTGCCTAT
235	NK080	TTCCGCCTAG
236	NK080	CTAGGCGGAA
237	NK081	CACCTCAGTT
238	NK081	AACTGAGGTG
239	KAM3897	CACATCTGGA
240	KAM3897	TCCAGATGTG
241	KAM3898	TCCTCCGCGG
242	KAM3898	CCGCGGAGGA
243	KAM3899	GCAAGGATCG
244	KAM3899	CGATCCTTGC
245	KAM3900	GCTGATTACT
246	KAM3900	AGTAATCAGC
