Primer_name,type,index_seq_fwd,index_seq_rev
KAM3748,i5,CGTGGACGGC,GCCGTCCACG
KAM3749,i5,TTGCTACACC,GGTGTAGCAA
KAM3750,i5,ATTCACGGCT,AGCCGTGAAT
KAM3751,i5,TGATCTAGAC,GTCTAGATCA
KAM3752,i5,CATAACTTAC,GTAAGTTATG
KAM3800,i5,AATATACCTA,TAGGTATATT
KAM3801,i5,TTCGTATCGT,ACGATACGAA
KAM3802,i5,CATGCTAGCC,GGCTAGCATG
KAM4041,i5,ACGCCGGATA,TATCCGGCGT
KAM4042,i5,ACCTACCGTA,TACGGTAGGT
KAM4043,i5,TAATCTCGCA,TGCGAGATTA
KAM4044,i5,CGTCGAGAAC,GTTCTCGACG
KAM3732,i7,TCGATCCATA,TATGGATCGA
KAM3733,i7,CGGACTGTGT,ACACAGTCCG
KAM3734,i7,TGCTTAGTCG,CGACTAAGCA
KAM3735,i7,AGCTCTCGCG,CGCGAGAGCT
KAM3736,i7,TGCCAGACGA,TCGTCTGGCA
KAM3737,i7,CAATGAAGCT,AGCTTCATTG
KAM3738,i7,AGTCCAGAGA,TCTCTGGACT
KAM3739,i7,ACCAGGCTTA,TAAGCCTGGT
KAM3740,i7,CGTAGCAAGC,GCTTGCTACG
KAM3741,i7,TACAGACGAA,TTCGTCTGTA
KAM3742,i7,ACTAGTTGGA,TCCAACTAGT
KAM3743,i7,CATACTAACA,TGTTAGTATG
KAM4354,i5,CTTCACTGGA,TCCAGTGAAG
KAM4355,i5,ATCCTGTTGA,TCAACAGGAT
KAM4356,i5,CCTAGGTGTG,CACACCTAGG
KAM4357,i5,AGAGGTAGAC,GTCTACCTCT
KAM4411,i5,ATTAGACGCG,CGCGTCTAAT
KAM4412,i5,AGAATCGTTC,GAACGATTCT
KAM4413,i5,CTAAGAATAC,GTATTCTTAG
KAM4414,i5,CGTCATAGTC,GACTATGACG
KAM4415,i5,CTCTTGGCGC,GCGCCAAGAG
KAM4416,i5,TAACCGGCTA,TAGCCGGTTA
KAM4417,i5,CCTCAGCAGC,GCTGCTGAGG
KAM4418,i5,ATGCGCTAGG,CCTAGCGCAT
KAM4419,i5,TCCAGCACTC,GAGTGCTGGA
KAM4420,i5,TGCGTAATCC,GGATTACGCA
KAM4421,i5,ACAATCCGTT,AACGGATTGT
KAM4422,i5,CTTAGTGCGC,GCGCACTAAG
KAM4358,i7,CATGTCTTCA,TGAAGACATG
KAM4359,i7,CTATCAGCTA,TAGCTGATAG
KAM4360,i7,AGCTATGTAT,ATACATAGCT
KAM4361,i7,TTGGACTAAG,CTTAGTCCAA
KAM4423,i7,TGCGGACAGA,TCTGTCCGCA
KAM4424,i7,CGATACTGCT,AGCAGTATCG
KAM4425,i7,CATGTTGTGT,ACACAACATG
KAM4426,i7,CTTACAAGAT,ATCTTGTAAG
KAM4427,i7,CGTGTCTCGA,TCGAGACACG
KAM4428,i7,TGGAATTACG,CGTAATTCCA
KAM4429,i7,ATATATCTCC,GGAGATATAT
KAM4430,i7,CGAATGACAG,CTGTCATTCG
KAM4431,i7,AAGGAGGCTG,CAGCCTCCTT
KAM4432,i7,TCCTGCGTAG,CTACGCAGGA
KAM4433,i7,CTTAACGAAG,CTTCGTTAAG
KAM4434,i7,ACCGAGGCAC,GTGCCTCGGT
KAM4362,i5,CCTCGCAATT,AATTGCGAGG
KAM4363,i5,CCGGACTGGC,GCCAGTCCGG
NS00033,i5,TTCTCGTAGT,ACTACGAGAA
NS00034,i5,ACATGGACCT,AGGTCCATGT
NS00035,i5,ACGTTCCTGG,CCAGGAACGT
NS00036,i5,CGACCAATAC,GTATTGGTCG
NS00037,i5,CTCTCCTTGC,GCAAGGAGAG
NS00038,i5,ATAATAATAA,TTATTATTAT
NS00039,i5,CTACTATACA,TGTATAGTAG
NS00040,i5,TTATCCATCA,TGATGGATAA
NS00041,i5,AATAGCGCGG,CCGCGCTATT
NS00042,i5,CGCGCCATGG,CCATGGCGCG
KAM4364,i7,AGATTGCGAG,CTCGCAATCT
KAM4365,i7,TGAGTCTCAC,GTGAGACTCA
NS00043,i7,CTTGGTTACA,TGTAACCAAG
NS00044,i7,TATGTCGATT,AATCGACATA
NS00045,i7,ACTGTAGGAT,ATCCTACAGT
NS00046,i7,AAGCGGTTGT,ACAACCGCTT
NS00047,i7,TTGAGACCTA,TAGGTCTCAA
NS00048,i7,TTCACAGCTG,CAGCTGTGAA
NS00049,i7,AGTGCTTCCA,TGGAAGCACT
NS00050,i7,CGCAACCTCT,AGAGGTTGCG
NS00051,i7,CTGGCGGATT,AATCCGCCAG
NS00052,i7,TTAAGTAGTG,CACTACTTAA
NK052,i5,TCGCCGCTCG,CGAGCGGCGA
NK053,i5,CCGGTGCAGT,ACTGCACCGG
NK054,i5,ACCGGTGTCT,AGACACCGGT
NK055,i5,CCGAACTCCG,CGGAGTTCGG
NK056,i7,CGAGCGGCGA,TCGCCGCTCG
NK057,i7,ACTGCACCGG,CCGGTGCAGT
NK058,i7,AGACACCGGT,ACCGGTGTCT
NK059,i7,CGGAGTTCGG,CCGAACTCCG
NK060,i5,CAGACGTCAG,CTGACGTCTG
NK061,i5,CTGGCACTGG,CCAGTGCCAG
NS0017,i5,CACTTACTAG,CTAGTAAGTG
NS0018,i5,CTGTCATGGT,ACCATGACAG
NS0019,i5,AACTTAATAC,GTATTAAGTT
NS0020,i5,CCTGTAGTGC,GCACTACAGG
NK084,i7,CTGTGCCTAT,ATAGGCACAG
NK085,i7,TCGGTTACAG,CTGTAACCGA
NS0013,i7,CTAGTAAGTG,CACTTACTAG
NS0014,i7,ACCATGACAG,CTGTCATGGT
NS0015,i7,GTATTAAGTT,AACTTAATAC
NS0016,i7,GCACTACAGG,CCTGTAGTGC
NK077,i5,CTAGGCGGAA,TTCCGCCTAG
NK078,i5,AACTGAGGTG,CACCTCAGTT
NK079,i5,ATAGGCACAG,CTGTGCCTAT
NK080,i7,TTCCGCCTAG,CTAGGCGGAA
NK081,i7,CACCTCAGTT,AACTGAGGTG
KAM3897,i7,CACATCTGGA,TCCAGATGTG
KAM3898,i7,TCCTCCGCGG,CCGCGGAGGA
KAM3899,i7,GCAAGGATCG,CGATCCTTGC
KAM3900,i7,GCTGATTACT,AGTAATCAGC
NK052,i5,TCGCCGCTCG,CGAGCGGCGA
NK053,i5,CCGGTGCAGT,ACTGCACCGG
NK054,i5,ACCGGTGTCT,AGACACCGGT
NK055,i5,CCGAACTCCG,CGGAGTTCGG
NK056,i7,CGAGCGGCGA,TCGCCGCTCG
NK057,i7,ACTGCACCGG,CCGGTGCAGT
NK058,i7,AGACACCGGT,ACCGGTGTCT
NK059,i7,CGGAGTTCGG,CCGAACTCCG
NK060,i5,CAGACGTCAG,CTGACGTCTG
NK061,i5,CTGGCACTGG,CCAGTGCCAG
NK080,i7,TTCCGCCTAG,CTAGGCGGAA
NK081,i7,CACCTCAGTT,AACTGAGGTG
NK084,i7,CTGTGCCTAT,ATAGGCACAG
NK085,i7,TCGGTTACAG,CTGTAACCGA
