Sample Name,i7 Index Barcode,i5 Index Barcode,Volume given,Concentration,Comments
I0437,TCGCCGCTCG,ACTGCACCGG,2.81 ul,1.35 nM,none
I0438,CCGGTGCAGT,ACTGCACCGG,2.81 ul,1.35 nM,none
I0439,ACCGGTGTCT,ACTGCACCGG,2.81 ul,1.35 nM,none
I0440,TCGCCGCTCG,CGAGCGGCGA,2.81 ul,1.35 nM,none
I0441,CCGGTGCAGT,CGAGCGGCGA,2.81 ul,1.35 nM,none
I0442,ACCGGTGTCT,CGAGCGGCGA,2.81 ul,1.35 nM,none
I0443,TCGCCGCTCG,AGACACCGGT,2.81 ul,1.35 nM,none
I0444,CCGGTGCAGT,AGACACCGGT,2.81 ul,1.35 nM,none
I0445,ACCGGTGTCT,AGACACCGGT,2.81 ul,1.35 nM,none
I0446,TCGCCGCTCG,CGGAGTTCGG,2.81 ul,1.35 nM,none
I0447,CCGGTGCAGT,CGGAGTTCGG,2.81 ul,1.35 nM,none
I0448,ACCGGTGTCT,CGGAGTTCGG,2.81 ul,1.35 nM,none
I0449,CCGAACTCCG,CGAGCGGCGA,2.81 ul,1.35 nM,none
I0450,CCGAACTCCG,ACTGCACCGG,2.81 ul,1.35 nM,none
I0451,CCGAACTCCG,AGACACCGGT,2.81 ul,1.35 nM,none
I0452,CCGAACTCCG,CGGAGTTCGG,2.81 ul,1.35 nM,none
I0453,TCGCCGCTCG,TTCCGCCTAG,2.81 ul,1.35 nM,none
I0454,CCGGTGCAGT,TTCCGCCTAG,2.81 ul,1.35 nM,none
I0455,ACCGGTGTCT,TTCCGCCTAG,2.81 ul,1.35 nM,none
I0456,CCGAACTCCG,TTCCGCCTAG,2.81 ul,1.35 nM,none
I0457,TCGCCGCTCG,CACCTCAGTT,2.81 ul,1.35 nM,none
I0458,CCGGTGCAGT,CACCTCAGTT,2.81 ul,1.35 nM,none
I0459,ACCGGTGTCT,CACCTCAGTT,2.81 ul,1.35 nM,none
I0460,CCGAACTCCG,CACCTCAGTT,2.81 ul,1.35 nM,none
I0461,TCGCCGCTCG,CTGTGCCTAT,2.81 ul,1.35 nM,none
I0462,CCGGTGCAGT,CTGTGCCTAT,2.81 ul,1.35 nM,none
I0463,ACCGGTGTCT,CTGTGCCTAT,2.81 ul,1.35 nM,none
I0464,CCGAACTCCG,CTGTGCCTAT,2.81 ul,1.35 nM,none
I0465,TCGCCGCTCG,GCCGTCCACG,2.81 ul,1.35 nM,none
I0466,CCGGTGCAGT,GCCTCAGCGT,2.81 ul,1.35 nM,none
I0467,CTCGCAATCT,AATTGCGAGG,2.81 ul,1.35 nM,none
I0468,CTCGCAATCT,GCCAGTCCGG,2.81 ul,1.35 nM,none
I0469,CTCGCAATCT,ACTACGAGAA,2.81 ul,1.35 nM,none
I0470,CTCGCAATCT,AGGTCCATGT,2.81 ul,1.35 nM,none
I0471,CTCGCAATCT,CCAGGAACGT,2.81 ul,1.35 nM,none
I0472,CTCGCAATCT,GTATTGGTCG,2.81 ul,1.35 nM,none
I0473,CTCGCAATCT,GCAAGGAGAG,2.81 ul,1.35 nM,none
I0474,CTCGCAATCT,TTATTATTAT,2.81 ul,1.35 nM,none
I0475,CTCGCAATCT,TGTATAGTAG,2.81 ul,1.35 nM,none
I0476,CTCGCAATCT,TGATGGATAA,2.81 ul,1.35 nM,none
I0477,CTCGCAATCT,CCGCGCTATT,2.81 ul,1.35 nM,none
I0478,CTCGCAATCT,CCATGGCGCG,2.81 ul,1.35 nM,none
I0479,GTGAGACTCA,AATTGCGAGG,2.81 ul,1.35 nM,none
I0480,GTGAGACTCA,GCCAGTCCGG,2.81 ul,1.35 nM,none
I0481,GTGAGACTCA,ACTACGAGAA,2.81 ul,1.35 nM,none
I0482,GTGAGACTCA,AGGTCCATGT,2.81 ul,1.35 nM,none
I0483,GTGAGACTCA,CCAGGAACGT,2.81 ul,1.35 nM,none
I0484,GCTTGTGCTT,GCAGGCTCTG,2.81 ul,1.35 nM,none
I0485,GCTTGTGCTT,CCGCGACCGT,2.81 ul,1.35 nM,none
I0486,TCCAGATGTG,CGTGTAGATC,2.81 ul,1.35 nM,none
I0487,CCGCGGAGGA,CGTGTAGATC,2.81 ul,1.35 nM,none
